iteration,observation,observed state,action,step reward
0,{'obs_sensor': 'obs-right'},{},0,-1
0,{'obs_sensor': 'obs-left'},{},0,-1
0,{'obs_sensor': 'obs-right'},{},0,-1
0,{'obs_sensor': 'obs-left'},{},0,-1
0,{'obs_sensor': 'obs-right'},{},0,-1
0,{'obs_sensor': 'obs-left'},{},0,-1
0,{'obs_sensor': 'obs-left'},{},2,10
0,{'obs_sensor': 'obs-left'},{},0,-1
0,{'obs_sensor': 'obs-left'},{},0,-1
0,{'obs_sensor': 'obs-left'},{},2,10
0,{'obs_sensor': 'obs-left'},{},0,-1
0,{'obs_sensor': 'obs-right'},{},0,-1
0,{'obs_sensor': 'obs-right'},{},1,10
0,{'obs_sensor': 'obs-left'},{},0,-1
0,{'obs_sensor': 'obs-left'},{},0,-1
1,{'obs_sensor': 'obs-left'},{},0,-1
1,{'obs_sensor': 'obs-left'},{},0,-1
1,{'obs_sensor': 'obs-left'},{},2,10
1,{'obs_sensor': 'obs-left'},{},0,-1
1,{'obs_sensor': 'obs-right'},{},0,-1
1,{'obs_sensor': 'obs-left'},{},0,-1
1,{'obs_sensor': 'obs-right'},{},0,-1
1,{'obs_sensor': 'obs-right'},{},1,10
1,{'obs_sensor': 'obs-right'},{},0,-1
1,{'obs_sensor': 'obs-left'},{},0,-1
1,{'obs_sensor': 'obs-left'},{},2,10
1,{'obs_sensor': 'obs-right'},{},0,-1
1,{'obs_sensor': 'obs-right'},{},0,-1
1,{'obs_sensor': 'obs-left'},{},0,-1
1,{'obs_sensor': 'obs-left'},{},2,10
2,{'obs_sensor': 'obs-left'},{},0,-1
2,{'obs_sensor': 'obs-right'},{},0,-1
2,{'obs_sensor': 'obs-left'},{},0,-1
2,{'obs_sensor': 'obs-right'},{},1,10
2,{'obs_sensor': 'obs-right'},{},0,-1
2,{'obs_sensor': 'obs-left'},{},0,-1
2,{'obs_sensor': 'obs-left'},{},2,10
2,{'obs_sensor': 'obs-right'},{},0,-1
2,{'obs_sensor': 'obs-right'},{},0,-1
2,{'obs_sensor': 'obs-left'},{},0,-1
2,{'obs_sensor': 'obs-left'},{},0,-1
2,{'obs_sensor': 'obs-left'},{},2,10
2,{'obs_sensor': 'obs-left'},{},0,-1
2,{'obs_sensor': 'obs-right'},{},0,-1
2,{'obs_sensor': 'obs-right'},{},1,10
3,{'obs_sensor': 'obs-left'},{},0,-1
3,{'obs_sensor': 'obs-left'},{},0,-1
3,{'obs_sensor': 'obs-right'},{},0,-1
3,{'obs_sensor': 'obs-left'},{},0,-1
3,{'obs_sensor': 'obs-left'},{},2,10
3,{'obs_sensor': 'obs-right'},{},0,-1
3,{'obs_sensor': 'obs-left'},{},0,-1
3,{'obs_sensor': 'obs-right'},{},0,-1
3,{'obs_sensor': 'obs-left'},{},0,-1
3,{'obs_sensor': 'obs-left'},{},2,10
3,{'obs_sensor': 'obs-left'},{},0,-1
3,{'obs_sensor': 'obs-left'},{},0,-1
3,{'obs_sensor': 'obs-left'},{},2,10
3,{'obs_sensor': 'obs-right'},{},0,-1
3,{'obs_sensor': 'obs-left'},{},0,-1
4,{'obs_sensor': 'obs-right'},{},0,-1
4,{'obs_sensor': 'obs-left'},{},0,-1
4,{'obs_sensor': 'obs-left'},{},2,10
4,{'obs_sensor': 'obs-right'},{},0,-1
4,{'obs_sensor': 'obs-right'},{},0,-1
4,{'obs_sensor': 'obs-left'},{},0,-1
4,{'obs_sensor': 'obs-left'},{},2,10
4,{'obs_sensor': 'obs-right'},{},0,-1
4,{'obs_sensor': 'obs-left'},{},0,-1
4,{'obs_sensor': 'obs-left'},{},2,10
4,{'obs_sensor': 'obs-right'},{},0,-1
4,{'obs_sensor': 'obs-left'},{},0,-1
4,{'obs_sensor': 'obs-left'},{},2,10
4,{'obs_sensor': 'obs-right'},{},0,-1
4,{'obs_sensor': 'obs-right'},{},0,-1
5,{'obs_sensor': 'obs-right'},{},0,-1
5,{'obs_sensor': 'obs-left'},{},0,-1
5,{'obs_sensor': 'obs-left'},{},2,10
5,{'obs_sensor': 'obs-left'},{},0,-1
5,{'obs_sensor': 'obs-left'},{},0,-1
5,{'obs_sensor': 'obs-left'},{},2,10
5,{'obs_sensor': 'obs-left'},{},0,-1
5,{'obs_sensor': 'obs-right'},{},0,-1
5,{'obs_sensor': 'obs-right'},{},1,10
5,{'obs_sensor': 'obs-right'},{},0,-1
5,{'obs_sensor': 'obs-right'},{},0,-1
5,{'obs_sensor': 'obs-right'},{},1,-100
5,{'obs_sensor': 'obs-left'},{},0,-1
5,{'obs_sensor': 'obs-right'},{},0,-1
5,{'obs_sensor': 'obs-right'},{},1,10
6,{'obs_sensor': 'obs-left'},{},0,-1
6,{'obs_sensor': 'obs-right'},{},0,-1
6,{'obs_sensor': 'obs-left'},{},0,-1
6,{'obs_sensor': 'obs-left'},{},2,10
6,{'obs_sensor': 'obs-left'},{},0,-1
6,{'obs_sensor': 'obs-right'},{},0,-1
6,{'obs_sensor': 'obs-right'},{},1,10
6,{'obs_sensor': 'obs-right'},{},0,-1
6,{'obs_sensor': 'obs-right'},{},0,-1
6,{'obs_sensor': 'obs-left'},{},0,-1
6,{'obs_sensor': 'obs-left'},{},2,10
6,{'obs_sensor': 'obs-right'},{},0,-1
6,{'obs_sensor': 'obs-right'},{},0,-1
6,{'obs_sensor': 'obs-right'},{},1,10
6,{'obs_sensor': 'obs-left'},{},0,-1
7,{'obs_sensor': 'obs-left'},{},0,-1
7,{'obs_sensor': 'obs-right'},{},0,-1
7,{'obs_sensor': 'obs-left'},{},0,-1
7,{'obs_sensor': 'obs-left'},{},2,10
7,{'obs_sensor': 'obs-left'},{},0,-1
7,{'obs_sensor': 'obs-left'},{},0,-1
7,{'obs_sensor': 'obs-left'},{},2,10
7,{'obs_sensor': 'obs-right'},{},0,-1
7,{'obs_sensor': 'obs-left'},{},0,-1
7,{'obs_sensor': 'obs-left'},{},2,10
7,{'obs_sensor': 'obs-left'},{},0,-1
7,{'obs_sensor': 'obs-left'},{},0,-1
7,{'obs_sensor': 'obs-right'},{},0,-1
7,{'obs_sensor': 'obs-left'},{},0,-1
7,{'obs_sensor': 'obs-left'},{},2,-100
8,{'obs_sensor': 'obs-right'},{},0,-1
8,{'obs_sensor': 'obs-right'},{},0,-1
8,{'obs_sensor': 'obs-left'},{},0,-1
8,{'obs_sensor': 'obs-right'},{},0,-1
8,{'obs_sensor': 'obs-right'},{},1,10
8,{'obs_sensor': 'obs-left'},{},0,-1
8,{'obs_sensor': 'obs-right'},{},0,-1
8,{'obs_sensor': 'obs-right'},{},1,10
8,{'obs_sensor': 'obs-left'},{},0,-1
8,{'obs_sensor': 'obs-right'},{},0,-1
8,{'obs_sensor': 'obs-right'},{},0,-1
8,{'obs_sensor': 'obs-right'},{},1,10
8,{'obs_sensor': 'obs-left'},{},0,-1
8,{'obs_sensor': 'obs-right'},{},0,-1
8,{'obs_sensor': 'obs-left'},{},0,-1
9,{'obs_sensor': 'obs-right'},{},0,-1
9,{'obs_sensor': 'obs-left'},{},0,-1
9,{'obs_sensor': 'obs-left'},{},2,10
9,{'obs_sensor': 'obs-left'},{},0,-1
9,{'obs_sensor': 'obs-right'},{},0,-1
9,{'obs_sensor': 'obs-right'},{},1,10
9,{'obs_sensor': 'obs-left'},{},0,-1
9,{'obs_sensor': 'obs-right'},{},0,-1
9,{'obs_sensor': 'obs-left'},{},0,-1
9,{'obs_sensor': 'obs-left'},{},2,10
9,{'obs_sensor': 'obs-right'},{},0,-1
9,{'obs_sensor': 'obs-left'},{},0,-1
9,{'obs_sensor': 'obs-left'},{},2,10
9,{'obs_sensor': 'obs-left'},{},0,-1
9,{'obs_sensor': 'obs-left'},{},0,-1
10,{'obs_sensor': 'obs-right'},{},0,-1
10,{'obs_sensor': 'obs-left'},{},0,-1
10,{'obs_sensor': 'obs-right'},{},0,-1
10,{'obs_sensor': 'obs-left'},{},0,-1
10,{'obs_sensor': 'obs-right'},{},0,-1
10,{'obs_sensor': 'obs-left'},{},0,-1
10,{'obs_sensor': 'obs-left'},{},2,10
10,{'obs_sensor': 'obs-left'},{},0,-1
10,{'obs_sensor': 'obs-left'},{},0,-1
10,{'obs_sensor': 'obs-left'},{},2,10
10,{'obs_sensor': 'obs-left'},{},0,-1
10,{'obs_sensor': 'obs-right'},{},0,-1
10,{'obs_sensor': 'obs-right'},{},1,10
10,{'obs_sensor': 'obs-left'},{},0,-1
10,{'obs_sensor': 'obs-left'},{},0,-1
11,{'obs_sensor': 'obs-left'},{},0,-1
11,{'obs_sensor': 'obs-left'},{},0,-1
11,{'obs_sensor': 'obs-left'},{},2,10
11,{'obs_sensor': 'obs-left'},{},0,-1
11,{'obs_sensor': 'obs-right'},{},0,-1
11,{'obs_sensor': 'obs-left'},{},0,-1
11,{'obs_sensor': 'obs-right'},{},0,-1
11,{'obs_sensor': 'obs-right'},{},1,10
11,{'obs_sensor': 'obs-right'},{},0,-1
11,{'obs_sensor': 'obs-left'},{},0,-1
11,{'obs_sensor': 'obs-left'},{},2,10
11,{'obs_sensor': 'obs-right'},{},0,-1
11,{'obs_sensor': 'obs-right'},{},0,-1
11,{'obs_sensor': 'obs-left'},{},0,-1
11,{'obs_sensor': 'obs-left'},{},2,10
12,{'obs_sensor': 'obs-left'},{},0,-1
12,{'obs_sensor': 'obs-right'},{},0,-1
12,{'obs_sensor': 'obs-left'},{},0,-1
12,{'obs_sensor': 'obs-right'},{},1,10
12,{'obs_sensor': 'obs-right'},{},0,-1
12,{'obs_sensor': 'obs-left'},{},0,-1
12,{'obs_sensor': 'obs-left'},{},2,10
12,{'obs_sensor': 'obs-right'},{},0,-1
12,{'obs_sensor': 'obs-right'},{},0,-1
12,{'obs_sensor': 'obs-left'},{},0,-1
12,{'obs_sensor': 'obs-left'},{},0,-1
12,{'obs_sensor': 'obs-left'},{},2,10
12,{'obs_sensor': 'obs-left'},{},0,-1
12,{'obs_sensor': 'obs-right'},{},0,-1
12,{'obs_sensor': 'obs-right'},{},1,10
13,{'obs_sensor': 'obs-left'},{},0,-1
13,{'obs_sensor': 'obs-left'},{},0,-1
13,{'obs_sensor': 'obs-right'},{},0,-1
13,{'obs_sensor': 'obs-left'},{},0,-1
13,{'obs_sensor': 'obs-left'},{},2,10
13,{'obs_sensor': 'obs-right'},{},0,-1
13,{'obs_sensor': 'obs-left'},{},0,-1
13,{'obs_sensor': 'obs-right'},{},0,-1
13,{'obs_sensor': 'obs-left'},{},0,-1
13,{'obs_sensor': 'obs-left'},{},2,10
13,{'obs_sensor': 'obs-left'},{},0,-1
13,{'obs_sensor': 'obs-left'},{},0,-1
13,{'obs_sensor': 'obs-left'},{},2,10
13,{'obs_sensor': 'obs-right'},{},0,-1
13,{'obs_sensor': 'obs-left'},{},0,-1
14,{'obs_sensor': 'obs-right'},{},0,-1
14,{'obs_sensor': 'obs-left'},{},0,-1
14,{'obs_sensor': 'obs-left'},{},2,10
14,{'obs_sensor': 'obs-right'},{},0,-1
14,{'obs_sensor': 'obs-right'},{},0,-1
14,{'obs_sensor': 'obs-left'},{},0,-1
14,{'obs_sensor': 'obs-left'},{},2,10
14,{'obs_sensor': 'obs-right'},{},0,-1
14,{'obs_sensor': 'obs-left'},{},0,-1
14,{'obs_sensor': 'obs-left'},{},2,10
14,{'obs_sensor': 'obs-right'},{},0,-1
14,{'obs_sensor': 'obs-left'},{},0,-1
14,{'obs_sensor': 'obs-left'},{},2,10
14,{'obs_sensor': 'obs-right'},{},0,-1
14,{'obs_sensor': 'obs-right'},{},0,-1
15,{'obs_sensor': 'obs-right'},{},0,-1
15,{'obs_sensor': 'obs-left'},{},0,-1
15,{'obs_sensor': 'obs-left'},{},2,10
15,{'obs_sensor': 'obs-left'},{},0,-1
15,{'obs_sensor': 'obs-left'},{},0,-1
15,{'obs_sensor': 'obs-left'},{},2,10
15,{'obs_sensor': 'obs-left'},{},0,-1
15,{'obs_sensor': 'obs-right'},{},0,-1
15,{'obs_sensor': 'obs-right'},{},1,10
15,{'obs_sensor': 'obs-right'},{},0,-1
15,{'obs_sensor': 'obs-right'},{},0,-1
15,{'obs_sensor': 'obs-right'},{},1,-100
15,{'obs_sensor': 'obs-left'},{},0,-1
15,{'obs_sensor': 'obs-right'},{},0,-1
15,{'obs_sensor': 'obs-right'},{},1,10
16,{'obs_sensor': 'obs-left'},{},0,-1
16,{'obs_sensor': 'obs-right'},{},0,-1
16,{'obs_sensor': 'obs-left'},{},0,-1
16,{'obs_sensor': 'obs-left'},{},2,10
16,{'obs_sensor': 'obs-left'},{},0,-1
16,{'obs_sensor': 'obs-right'},{},0,-1
16,{'obs_sensor': 'obs-right'},{},1,10
16,{'obs_sensor': 'obs-right'},{},0,-1
16,{'obs_sensor': 'obs-right'},{},0,-1
16,{'obs_sensor': 'obs-left'},{},0,-1
16,{'obs_sensor': 'obs-left'},{},2,10
16,{'obs_sensor': 'obs-right'},{},0,-1
16,{'obs_sensor': 'obs-right'},{},0,-1
16,{'obs_sensor': 'obs-right'},{},1,10
16,{'obs_sensor': 'obs-left'},{},0,-1
17,{'obs_sensor': 'obs-left'},{},0,-1
17,{'obs_sensor': 'obs-right'},{},0,-1
17,{'obs_sensor': 'obs-left'},{},0,-1
17,{'obs_sensor': 'obs-left'},{},2,10
17,{'obs_sensor': 'obs-left'},{},0,-1
17,{'obs_sensor': 'obs-left'},{},0,-1
17,{'obs_sensor': 'obs-left'},{},2,10
17,{'obs_sensor': 'obs-right'},{},0,-1
17,{'obs_sensor': 'obs-left'},{},0,-1
17,{'obs_sensor': 'obs-left'},{},2,10
17,{'obs_sensor': 'obs-left'},{},0,-1
17,{'obs_sensor': 'obs-left'},{},0,-1
17,{'obs_sensor': 'obs-right'},{},0,-1
17,{'obs_sensor': 'obs-left'},{},0,-1
17,{'obs_sensor': 'obs-left'},{},2,-100
18,{'obs_sensor': 'obs-right'},{},0,-1
18,{'obs_sensor': 'obs-right'},{},0,-1
18,{'obs_sensor': 'obs-left'},{},0,-1
18,{'obs_sensor': 'obs-right'},{},0,-1
18,{'obs_sensor': 'obs-right'},{},1,10
18,{'obs_sensor': 'obs-left'},{},0,-1
18,{'obs_sensor': 'obs-right'},{},0,-1
18,{'obs_sensor': 'obs-right'},{},1,10
18,{'obs_sensor': 'obs-left'},{},0,-1
18,{'obs_sensor': 'obs-right'},{},0,-1
18,{'obs_sensor': 'obs-right'},{},0,-1
18,{'obs_sensor': 'obs-right'},{},1,10
18,{'obs_sensor': 'obs-left'},{},0,-1
18,{'obs_sensor': 'obs-right'},{},0,-1
18,{'obs_sensor': 'obs-left'},{},0,-1
19,{'obs_sensor': 'obs-right'},{},0,-1
19,{'obs_sensor': 'obs-left'},{},0,-1
19,{'obs_sensor': 'obs-left'},{},2,10
19,{'obs_sensor': 'obs-left'},{},0,-1
19,{'obs_sensor': 'obs-right'},{},0,-1
19,{'obs_sensor': 'obs-right'},{},1,10
19,{'obs_sensor': 'obs-left'},{},0,-1
19,{'obs_sensor': 'obs-right'},{},0,-1
19,{'obs_sensor': 'obs-left'},{},0,-1
19,{'obs_sensor': 'obs-left'},{},2,10
19,{'obs_sensor': 'obs-right'},{},0,-1
19,{'obs_sensor': 'obs-left'},{},0,-1
19,{'obs_sensor': 'obs-left'},{},2,10
19,{'obs_sensor': 'obs-left'},{},0,-1
19,{'obs_sensor': 'obs-left'},{},0,-1
20,{'obs_sensor': 'obs-right'},{},0,-1
20,{'obs_sensor': 'obs-left'},{},0,-1
20,{'obs_sensor': 'obs-right'},{},0,-1
20,{'obs_sensor': 'obs-left'},{},0,-1
20,{'obs_sensor': 'obs-right'},{},0,-1
20,{'obs_sensor': 'obs-left'},{},0,-1
20,{'obs_sensor': 'obs-left'},{},2,10
20,{'obs_sensor': 'obs-left'},{},0,-1
20,{'obs_sensor': 'obs-left'},{},0,-1
20,{'obs_sensor': 'obs-left'},{},2,10
20,{'obs_sensor': 'obs-left'},{},0,-1
20,{'obs_sensor': 'obs-right'},{},0,-1
20,{'obs_sensor': 'obs-right'},{},1,10
20,{'obs_sensor': 'obs-left'},{},0,-1
20,{'obs_sensor': 'obs-left'},{},0,-1
21,{'obs_sensor': 'obs-left'},{},0,-1
21,{'obs_sensor': 'obs-left'},{},0,-1
21,{'obs_sensor': 'obs-left'},{},2,10
21,{'obs_sensor': 'obs-left'},{},0,-1
21,{'obs_sensor': 'obs-right'},{},0,-1
21,{'obs_sensor': 'obs-left'},{},0,-1
21,{'obs_sensor': 'obs-right'},{},0,-1
21,{'obs_sensor': 'obs-right'},{},1,10
21,{'obs_sensor': 'obs-right'},{},0,-1
21,{'obs_sensor': 'obs-left'},{},0,-1
21,{'obs_sensor': 'obs-left'},{},2,10
21,{'obs_sensor': 'obs-right'},{},0,-1
21,{'obs_sensor': 'obs-right'},{},0,-1
21,{'obs_sensor': 'obs-left'},{},0,-1
21,{'obs_sensor': 'obs-left'},{},2,10
22,{'obs_sensor': 'obs-left'},{},0,-1
22,{'obs_sensor': 'obs-right'},{},0,-1
22,{'obs_sensor': 'obs-left'},{},0,-1
22,{'obs_sensor': 'obs-right'},{},1,10
22,{'obs_sensor': 'obs-right'},{},0,-1
22,{'obs_sensor': 'obs-left'},{},0,-1
22,{'obs_sensor': 'obs-left'},{},2,10
22,{'obs_sensor': 'obs-right'},{},0,-1
22,{'obs_sensor': 'obs-right'},{},0,-1
22,{'obs_sensor': 'obs-left'},{},0,-1
22,{'obs_sensor': 'obs-left'},{},0,-1
22,{'obs_sensor': 'obs-left'},{},2,10
22,{'obs_sensor': 'obs-left'},{},0,-1
22,{'obs_sensor': 'obs-right'},{},0,-1
22,{'obs_sensor': 'obs-right'},{},1,10
23,{'obs_sensor': 'obs-left'},{},0,-1
23,{'obs_sensor': 'obs-left'},{},0,-1
23,{'obs_sensor': 'obs-right'},{},0,-1
23,{'obs_sensor': 'obs-left'},{},0,-1
23,{'obs_sensor': 'obs-left'},{},2,10
23,{'obs_sensor': 'obs-right'},{},0,-1
23,{'obs_sensor': 'obs-left'},{},0,-1
23,{'obs_sensor': 'obs-right'},{},0,-1
23,{'obs_sensor': 'obs-left'},{},0,-1
23,{'obs_sensor': 'obs-left'},{},2,10
23,{'obs_sensor': 'obs-left'},{},0,-1
23,{'obs_sensor': 'obs-left'},{},0,-1
23,{'obs_sensor': 'obs-left'},{},2,10
23,{'obs_sensor': 'obs-right'},{},0,-1
23,{'obs_sensor': 'obs-left'},{},0,-1
24,{'obs_sensor': 'obs-right'},{},0,-1
24,{'obs_sensor': 'obs-left'},{},0,-1
24,{'obs_sensor': 'obs-left'},{},2,10
24,{'obs_sensor': 'obs-right'},{},0,-1
24,{'obs_sensor': 'obs-right'},{},0,-1
24,{'obs_sensor': 'obs-left'},{},0,-1
24,{'obs_sensor': 'obs-left'},{},2,10
24,{'obs_sensor': 'obs-right'},{},0,-1
24,{'obs_sensor': 'obs-left'},{},0,-1
24,{'obs_sensor': 'obs-left'},{},2,10
24,{'obs_sensor': 'obs-right'},{},0,-1
24,{'obs_sensor': 'obs-left'},{},0,-1
24,{'obs_sensor': 'obs-left'},{},2,10
24,{'obs_sensor': 'obs-right'},{},0,-1
24,{'obs_sensor': 'obs-right'},{},0,-1
25,{'obs_sensor': 'obs-right'},{},0,-1
25,{'obs_sensor': 'obs-left'},{},0,-1
25,{'obs_sensor': 'obs-left'},{},2,10
25,{'obs_sensor': 'obs-left'},{},0,-1
25,{'obs_sensor': 'obs-left'},{},0,-1
25,{'obs_sensor': 'obs-left'},{},2,10
25,{'obs_sensor': 'obs-left'},{},0,-1
25,{'obs_sensor': 'obs-right'},{},0,-1
25,{'obs_sensor': 'obs-right'},{},1,10
25,{'obs_sensor': 'obs-right'},{},0,-1
25,{'obs_sensor': 'obs-right'},{},0,-1
25,{'obs_sensor': 'obs-right'},{},1,-100
25,{'obs_sensor': 'obs-left'},{},0,-1
25,{'obs_sensor': 'obs-right'},{},0,-1
25,{'obs_sensor': 'obs-right'},{},1,10
26,{'obs_sensor': 'obs-left'},{},0,-1
26,{'obs_sensor': 'obs-right'},{},0,-1
26,{'obs_sensor': 'obs-left'},{},0,-1
26,{'obs_sensor': 'obs-left'},{},2,10
26,{'obs_sensor': 'obs-left'},{},0,-1
26,{'obs_sensor': 'obs-right'},{},0,-1
26,{'obs_sensor': 'obs-right'},{},1,10
26,{'obs_sensor': 'obs-right'},{},0,-1
26,{'obs_sensor': 'obs-right'},{},0,-1
26,{'obs_sensor': 'obs-left'},{},0,-1
26,{'obs_sensor': 'obs-left'},{},2,10
26,{'obs_sensor': 'obs-right'},{},0,-1
26,{'obs_sensor': 'obs-right'},{},0,-1
26,{'obs_sensor': 'obs-right'},{},1,10
26,{'obs_sensor': 'obs-left'},{},0,-1
27,{'obs_sensor': 'obs-left'},{},0,-1
27,{'obs_sensor': 'obs-right'},{},0,-1
27,{'obs_sensor': 'obs-left'},{},0,-1
27,{'obs_sensor': 'obs-left'},{},2,10
27,{'obs_sensor': 'obs-left'},{},0,-1
27,{'obs_sensor': 'obs-left'},{},0,-1
27,{'obs_sensor': 'obs-left'},{},2,10
27,{'obs_sensor': 'obs-right'},{},0,-1
27,{'obs_sensor': 'obs-left'},{},0,-1
27,{'obs_sensor': 'obs-left'},{},2,10
27,{'obs_sensor': 'obs-left'},{},0,-1
27,{'obs_sensor': 'obs-left'},{},0,-1
27,{'obs_sensor': 'obs-right'},{},0,-1
27,{'obs_sensor': 'obs-left'},{},0,-1
27,{'obs_sensor': 'obs-left'},{},2,-100
28,{'obs_sensor': 'obs-right'},{},0,-1
28,{'obs_sensor': 'obs-right'},{},0,-1
28,{'obs_sensor': 'obs-left'},{},0,-1
28,{'obs_sensor': 'obs-right'},{},0,-1
28,{'obs_sensor': 'obs-right'},{},1,10
28,{'obs_sensor': 'obs-left'},{},0,-1
28,{'obs_sensor': 'obs-right'},{},0,-1
28,{'obs_sensor': 'obs-right'},{},1,10
28,{'obs_sensor': 'obs-left'},{},0,-1
28,{'obs_sensor': 'obs-right'},{},0,-1
28,{'obs_sensor': 'obs-right'},{},0,-1
28,{'obs_sensor': 'obs-right'},{},1,10
28,{'obs_sensor': 'obs-left'},{},0,-1
28,{'obs_sensor': 'obs-right'},{},0,-1
28,{'obs_sensor': 'obs-left'},{},0,-1
29,{'obs_sensor': 'obs-right'},{},0,-1
29,{'obs_sensor': 'obs-left'},{},0,-1
29,{'obs_sensor': 'obs-left'},{},2,10
29,{'obs_sensor': 'obs-left'},{},0,-1
29,{'obs_sensor': 'obs-right'},{},0,-1
29,{'obs_sensor': 'obs-right'},{},1,10
29,{'obs_sensor': 'obs-left'},{},0,-1
29,{'obs_sensor': 'obs-right'},{},0,-1
29,{'obs_sensor': 'obs-left'},{},0,-1
29,{'obs_sensor': 'obs-left'},{},2,10
29,{'obs_sensor': 'obs-right'},{},0,-1
29,{'obs_sensor': 'obs-left'},{},0,-1
29,{'obs_sensor': 'obs-left'},{},2,10
29,{'obs_sensor': 'obs-left'},{},0,-1
29,{'obs_sensor': 'obs-left'},{},0,-1
30,{'obs_sensor': 'obs-right'},{},0,-1
30,{'obs_sensor': 'obs-left'},{},0,-1
30,{'obs_sensor': 'obs-right'},{},0,-1
30,{'obs_sensor': 'obs-left'},{},0,-1
30,{'obs_sensor': 'obs-right'},{},0,-1
30,{'obs_sensor': 'obs-left'},{},0,-1
30,{'obs_sensor': 'obs-left'},{},2,10
30,{'obs_sensor': 'obs-left'},{},0,-1
30,{'obs_sensor': 'obs-left'},{},0,-1
30,{'obs_sensor': 'obs-left'},{},2,10
30,{'obs_sensor': 'obs-left'},{},0,-1
30,{'obs_sensor': 'obs-right'},{},0,-1
30,{'obs_sensor': 'obs-right'},{},1,10
30,{'obs_sensor': 'obs-left'},{},0,-1
30,{'obs_sensor': 'obs-left'},{},0,-1
31,{'obs_sensor': 'obs-left'},{},0,-1
31,{'obs_sensor': 'obs-left'},{},0,-1
31,{'obs_sensor': 'obs-left'},{},2,10
31,{'obs_sensor': 'obs-left'},{},0,-1
31,{'obs_sensor': 'obs-right'},{},0,-1
31,{'obs_sensor': 'obs-left'},{},0,-1
31,{'obs_sensor': 'obs-right'},{},0,-1
31,{'obs_sensor': 'obs-right'},{},1,10
31,{'obs_sensor': 'obs-right'},{},0,-1
31,{'obs_sensor': 'obs-left'},{},0,-1
31,{'obs_sensor': 'obs-left'},{},2,10
31,{'obs_sensor': 'obs-right'},{},0,-1
31,{'obs_sensor': 'obs-right'},{},0,-1
31,{'obs_sensor': 'obs-left'},{},0,-1
31,{'obs_sensor': 'obs-left'},{},2,10
32,{'obs_sensor': 'obs-left'},{},0,-1
32,{'obs_sensor': 'obs-right'},{},0,-1
32,{'obs_sensor': 'obs-left'},{},0,-1
32,{'obs_sensor': 'obs-right'},{},1,10
32,{'obs_sensor': 'obs-right'},{},0,-1
32,{'obs_sensor': 'obs-left'},{},0,-1
32,{'obs_sensor': 'obs-left'},{},2,10
32,{'obs_sensor': 'obs-right'},{},0,-1
32,{'obs_sensor': 'obs-right'},{},0,-1
32,{'obs_sensor': 'obs-left'},{},0,-1
32,{'obs_sensor': 'obs-left'},{},0,-1
32,{'obs_sensor': 'obs-left'},{},2,10
32,{'obs_sensor': 'obs-left'},{},0,-1
32,{'obs_sensor': 'obs-right'},{},0,-1
32,{'obs_sensor': 'obs-right'},{},1,10
33,{'obs_sensor': 'obs-left'},{},0,-1
33,{'obs_sensor': 'obs-left'},{},0,-1
33,{'obs_sensor': 'obs-right'},{},0,-1
33,{'obs_sensor': 'obs-left'},{},0,-1
33,{'obs_sensor': 'obs-left'},{},2,10
33,{'obs_sensor': 'obs-right'},{},0,-1
33,{'obs_sensor': 'obs-left'},{},0,-1
33,{'obs_sensor': 'obs-right'},{},0,-1
33,{'obs_sensor': 'obs-left'},{},0,-1
33,{'obs_sensor': 'obs-left'},{},2,10
33,{'obs_sensor': 'obs-left'},{},0,-1
33,{'obs_sensor': 'obs-left'},{},0,-1
33,{'obs_sensor': 'obs-left'},{},2,10
33,{'obs_sensor': 'obs-right'},{},0,-1
33,{'obs_sensor': 'obs-left'},{},0,-1
34,{'obs_sensor': 'obs-right'},{},0,-1
34,{'obs_sensor': 'obs-left'},{},0,-1
34,{'obs_sensor': 'obs-left'},{},2,10
34,{'obs_sensor': 'obs-right'},{},0,-1
34,{'obs_sensor': 'obs-right'},{},0,-1
34,{'obs_sensor': 'obs-left'},{},0,-1
34,{'obs_sensor': 'obs-left'},{},2,10
34,{'obs_sensor': 'obs-right'},{},0,-1
34,{'obs_sensor': 'obs-left'},{},0,-1
34,{'obs_sensor': 'obs-left'},{},2,10
34,{'obs_sensor': 'obs-right'},{},0,-1
34,{'obs_sensor': 'obs-left'},{},0,-1
34,{'obs_sensor': 'obs-left'},{},2,10
34,{'obs_sensor': 'obs-right'},{},0,-1
34,{'obs_sensor': 'obs-right'},{},0,-1
35,{'obs_sensor': 'obs-right'},{},0,-1
35,{'obs_sensor': 'obs-left'},{},0,-1
35,{'obs_sensor': 'obs-left'},{},2,10
35,{'obs_sensor': 'obs-left'},{},0,-1
35,{'obs_sensor': 'obs-left'},{},0,-1
35,{'obs_sensor': 'obs-left'},{},2,10
35,{'obs_sensor': 'obs-left'},{},0,-1
35,{'obs_sensor': 'obs-right'},{},0,-1
35,{'obs_sensor': 'obs-right'},{},1,10
35,{'obs_sensor': 'obs-right'},{},0,-1
35,{'obs_sensor': 'obs-right'},{},0,-1
35,{'obs_sensor': 'obs-right'},{},1,-100
35,{'obs_sensor': 'obs-left'},{},0,-1
35,{'obs_sensor': 'obs-right'},{},0,-1
35,{'obs_sensor': 'obs-right'},{},1,10
36,{'obs_sensor': 'obs-left'},{},0,-1
36,{'obs_sensor': 'obs-right'},{},0,-1
36,{'obs_sensor': 'obs-left'},{},0,-1
36,{'obs_sensor': 'obs-left'},{},2,10
36,{'obs_sensor': 'obs-left'},{},0,-1
36,{'obs_sensor': 'obs-right'},{},0,-1
36,{'obs_sensor': 'obs-right'},{},1,10
36,{'obs_sensor': 'obs-right'},{},0,-1
36,{'obs_sensor': 'obs-right'},{},0,-1
36,{'obs_sensor': 'obs-left'},{},0,-1
36,{'obs_sensor': 'obs-left'},{},2,10
36,{'obs_sensor': 'obs-right'},{},0,-1
36,{'obs_sensor': 'obs-right'},{},0,-1
36,{'obs_sensor': 'obs-right'},{},1,10
36,{'obs_sensor': 'obs-left'},{},0,-1
37,{'obs_sensor': 'obs-left'},{},0,-1
37,{'obs_sensor': 'obs-right'},{},0,-1
37,{'obs_sensor': 'obs-left'},{},0,-1
37,{'obs_sensor': 'obs-left'},{},2,10
37,{'obs_sensor': 'obs-left'},{},0,-1
37,{'obs_sensor': 'obs-left'},{},0,-1
37,{'obs_sensor': 'obs-left'},{},2,10
37,{'obs_sensor': 'obs-right'},{},0,-1
37,{'obs_sensor': 'obs-left'},{},0,-1
37,{'obs_sensor': 'obs-left'},{},2,10
37,{'obs_sensor': 'obs-left'},{},0,-1
37,{'obs_sensor': 'obs-left'},{},0,-1
37,{'obs_sensor': 'obs-right'},{},0,-1
37,{'obs_sensor': 'obs-left'},{},0,-1
37,{'obs_sensor': 'obs-left'},{},2,-100
38,{'obs_sensor': 'obs-right'},{},0,-1
38,{'obs_sensor': 'obs-right'},{},0,-1
38,{'obs_sensor': 'obs-left'},{},0,-1
38,{'obs_sensor': 'obs-right'},{},0,-1
38,{'obs_sensor': 'obs-right'},{},1,10
38,{'obs_sensor': 'obs-left'},{},0,-1
38,{'obs_sensor': 'obs-right'},{},0,-1
38,{'obs_sensor': 'obs-right'},{},1,10
38,{'obs_sensor': 'obs-left'},{},0,-1
38,{'obs_sensor': 'obs-right'},{},0,-1
38,{'obs_sensor': 'obs-right'},{},0,-1
38,{'obs_sensor': 'obs-right'},{},1,10
38,{'obs_sensor': 'obs-left'},{},0,-1
38,{'obs_sensor': 'obs-right'},{},0,-1
38,{'obs_sensor': 'obs-left'},{},0,-1
39,{'obs_sensor': 'obs-right'},{},0,-1
39,{'obs_sensor': 'obs-left'},{},0,-1
39,{'obs_sensor': 'obs-left'},{},2,10
39,{'obs_sensor': 'obs-left'},{},0,-1
39,{'obs_sensor': 'obs-right'},{},0,-1
39,{'obs_sensor': 'obs-right'},{},1,10
39,{'obs_sensor': 'obs-left'},{},0,-1
39,{'obs_sensor': 'obs-right'},{},0,-1
39,{'obs_sensor': 'obs-left'},{},0,-1
39,{'obs_sensor': 'obs-left'},{},2,10
39,{'obs_sensor': 'obs-right'},{},0,-1
39,{'obs_sensor': 'obs-left'},{},0,-1
39,{'obs_sensor': 'obs-left'},{},2,10
39,{'obs_sensor': 'obs-left'},{},0,-1
39,{'obs_sensor': 'obs-left'},{},0,-1
40,{'obs_sensor': 'obs-right'},{},0,-1
40,{'obs_sensor': 'obs-left'},{},0,-1
40,{'obs_sensor': 'obs-right'},{},0,-1
40,{'obs_sensor': 'obs-left'},{},0,-1
40,{'obs_sensor': 'obs-right'},{},0,-1
40,{'obs_sensor': 'obs-left'},{},0,-1
40,{'obs_sensor': 'obs-left'},{},2,10
40,{'obs_sensor': 'obs-left'},{},0,-1
40,{'obs_sensor': 'obs-left'},{},0,-1
40,{'obs_sensor': 'obs-left'},{},2,10
40,{'obs_sensor': 'obs-left'},{},0,-1
40,{'obs_sensor': 'obs-right'},{},0,-1
40,{'obs_sensor': 'obs-right'},{},1,10
40,{'obs_sensor': 'obs-left'},{},0,-1
40,{'obs_sensor': 'obs-left'},{},0,-1
41,{'obs_sensor': 'obs-left'},{},0,-1
41,{'obs_sensor': 'obs-left'},{},0,-1
41,{'obs_sensor': 'obs-left'},{},2,10
41,{'obs_sensor': 'obs-left'},{},0,-1
41,{'obs_sensor': 'obs-right'},{},0,-1
41,{'obs_sensor': 'obs-left'},{},0,-1
41,{'obs_sensor': 'obs-right'},{},0,-1
41,{'obs_sensor': 'obs-right'},{},1,10
41,{'obs_sensor': 'obs-right'},{},0,-1
41,{'obs_sensor': 'obs-left'},{},0,-1
41,{'obs_sensor': 'obs-left'},{},2,10
41,{'obs_sensor': 'obs-right'},{},0,-1
41,{'obs_sensor': 'obs-right'},{},0,-1
41,{'obs_sensor': 'obs-left'},{},0,-1
41,{'obs_sensor': 'obs-left'},{},2,10
42,{'obs_sensor': 'obs-left'},{},0,-1
42,{'obs_sensor': 'obs-right'},{},0,-1
42,{'obs_sensor': 'obs-left'},{},0,-1
42,{'obs_sensor': 'obs-right'},{},1,10
42,{'obs_sensor': 'obs-right'},{},0,-1
42,{'obs_sensor': 'obs-left'},{},0,-1
42,{'obs_sensor': 'obs-left'},{},2,10
42,{'obs_sensor': 'obs-right'},{},0,-1
42,{'obs_sensor': 'obs-right'},{},0,-1
42,{'obs_sensor': 'obs-left'},{},0,-1
42,{'obs_sensor': 'obs-left'},{},0,-1
42,{'obs_sensor': 'obs-left'},{},2,10
42,{'obs_sensor': 'obs-left'},{},0,-1
42,{'obs_sensor': 'obs-right'},{},0,-1
42,{'obs_sensor': 'obs-right'},{},1,10
43,{'obs_sensor': 'obs-left'},{},0,-1
43,{'obs_sensor': 'obs-left'},{},0,-1
43,{'obs_sensor': 'obs-right'},{},0,-1
43,{'obs_sensor': 'obs-left'},{},0,-1
43,{'obs_sensor': 'obs-left'},{},2,10
43,{'obs_sensor': 'obs-right'},{},0,-1
43,{'obs_sensor': 'obs-left'},{},0,-1
43,{'obs_sensor': 'obs-right'},{},0,-1
43,{'obs_sensor': 'obs-left'},{},0,-1
43,{'obs_sensor': 'obs-left'},{},2,10
43,{'obs_sensor': 'obs-left'},{},0,-1
43,{'obs_sensor': 'obs-left'},{},0,-1
43,{'obs_sensor': 'obs-left'},{},2,10
43,{'obs_sensor': 'obs-right'},{},0,-1
43,{'obs_sensor': 'obs-left'},{},0,-1
44,{'obs_sensor': 'obs-right'},{},0,-1
44,{'obs_sensor': 'obs-left'},{},0,-1
44,{'obs_sensor': 'obs-left'},{},2,10
44,{'obs_sensor': 'obs-right'},{},0,-1
44,{'obs_sensor': 'obs-right'},{},0,-1
44,{'obs_sensor': 'obs-left'},{},0,-1
44,{'obs_sensor': 'obs-left'},{},2,10
44,{'obs_sensor': 'obs-right'},{},0,-1
44,{'obs_sensor': 'obs-left'},{},0,-1
44,{'obs_sensor': 'obs-left'},{},2,10
44,{'obs_sensor': 'obs-right'},{},0,-1
44,{'obs_sensor': 'obs-left'},{},0,-1
44,{'obs_sensor': 'obs-left'},{},2,10
44,{'obs_sensor': 'obs-right'},{},0,-1
44,{'obs_sensor': 'obs-right'},{},0,-1
45,{'obs_sensor': 'obs-right'},{},0,-1
45,{'obs_sensor': 'obs-left'},{},0,-1
45,{'obs_sensor': 'obs-left'},{},2,10
45,{'obs_sensor': 'obs-left'},{},0,-1
45,{'obs_sensor': 'obs-left'},{},0,-1
45,{'obs_sensor': 'obs-left'},{},2,10
45,{'obs_sensor': 'obs-left'},{},0,-1
45,{'obs_sensor': 'obs-right'},{},0,-1
45,{'obs_sensor': 'obs-right'},{},1,10
45,{'obs_sensor': 'obs-right'},{},0,-1
45,{'obs_sensor': 'obs-right'},{},0,-1
45,{'obs_sensor': 'obs-right'},{},1,-100
45,{'obs_sensor': 'obs-left'},{},0,-1
45,{'obs_sensor': 'obs-right'},{},0,-1
45,{'obs_sensor': 'obs-right'},{},1,10
46,{'obs_sensor': 'obs-left'},{},0,-1
46,{'obs_sensor': 'obs-right'},{},0,-1
46,{'obs_sensor': 'obs-left'},{},0,-1
46,{'obs_sensor': 'obs-left'},{},2,10
46,{'obs_sensor': 'obs-left'},{},0,-1
46,{'obs_sensor': 'obs-right'},{},0,-1
46,{'obs_sensor': 'obs-right'},{},1,10
46,{'obs_sensor': 'obs-right'},{},0,-1
46,{'obs_sensor': 'obs-right'},{},0,-1
46,{'obs_sensor': 'obs-left'},{},0,-1
46,{'obs_sensor': 'obs-left'},{},2,10
46,{'obs_sensor': 'obs-right'},{},0,-1
46,{'obs_sensor': 'obs-right'},{},0,-1
46,{'obs_sensor': 'obs-right'},{},1,10
46,{'obs_sensor': 'obs-left'},{},0,-1
47,{'obs_sensor': 'obs-left'},{},0,-1
47,{'obs_sensor': 'obs-right'},{},0,-1
47,{'obs_sensor': 'obs-left'},{},0,-1
47,{'obs_sensor': 'obs-left'},{},2,10
47,{'obs_sensor': 'obs-left'},{},0,-1
47,{'obs_sensor': 'obs-left'},{},0,-1
47,{'obs_sensor': 'obs-left'},{},2,10
47,{'obs_sensor': 'obs-right'},{},0,-1
47,{'obs_sensor': 'obs-left'},{},0,-1
47,{'obs_sensor': 'obs-left'},{},2,10
47,{'obs_sensor': 'obs-left'},{},0,-1
47,{'obs_sensor': 'obs-left'},{},0,-1
47,{'obs_sensor': 'obs-right'},{},0,-1
47,{'obs_sensor': 'obs-left'},{},0,-1
47,{'obs_sensor': 'obs-left'},{},2,-100
48,{'obs_sensor': 'obs-right'},{},0,-1
48,{'obs_sensor': 'obs-right'},{},0,-1
48,{'obs_sensor': 'obs-left'},{},0,-1
48,{'obs_sensor': 'obs-right'},{},0,-1
48,{'obs_sensor': 'obs-right'},{},1,10
48,{'obs_sensor': 'obs-left'},{},0,-1
48,{'obs_sensor': 'obs-right'},{},0,-1
48,{'obs_sensor': 'obs-right'},{},1,10
48,{'obs_sensor': 'obs-left'},{},0,-1
48,{'obs_sensor': 'obs-right'},{},0,-1
48,{'obs_sensor': 'obs-right'},{},0,-1
48,{'obs_sensor': 'obs-right'},{},1,10
48,{'obs_sensor': 'obs-left'},{},0,-1
48,{'obs_sensor': 'obs-right'},{},0,-1
48,{'obs_sensor': 'obs-left'},{},0,-1
49,{'obs_sensor': 'obs-right'},{},0,-1
49,{'obs_sensor': 'obs-left'},{},0,-1
49,{'obs_sensor': 'obs-left'},{},2,10
49,{'obs_sensor': 'obs-left'},{},0,-1
49,{'obs_sensor': 'obs-right'},{},0,-1
49,{'obs_sensor': 'obs-right'},{},1,10
49,{'obs_sensor': 'obs-left'},{},0,-1
49,{'obs_sensor': 'obs-right'},{},0,-1
49,{'obs_sensor': 'obs-left'},{},0,-1
49,{'obs_sensor': 'obs-left'},{},2,10
49,{'obs_sensor': 'obs-right'},{},0,-1
49,{'obs_sensor': 'obs-left'},{},0,-1
49,{'obs_sensor': 'obs-left'},{},2,10
49,{'obs_sensor': 'obs-left'},{},0,-1
49,{'obs_sensor': 'obs-left'},{},0,-1
50,{'obs_sensor': 'obs-right'},{},0,-1
50,{'obs_sensor': 'obs-left'},{},0,-1
50,{'obs_sensor': 'obs-right'},{},0,-1
50,{'obs_sensor': 'obs-left'},{},0,-1
50,{'obs_sensor': 'obs-right'},{},0,-1
50,{'obs_sensor': 'obs-left'},{},0,-1
50,{'obs_sensor': 'obs-left'},{},2,10
50,{'obs_sensor': 'obs-left'},{},0,-1
50,{'obs_sensor': 'obs-left'},{},0,-1
50,{'obs_sensor': 'obs-left'},{},2,10
50,{'obs_sensor': 'obs-left'},{},0,-1
50,{'obs_sensor': 'obs-right'},{},0,-1
50,{'obs_sensor': 'obs-right'},{},1,10
50,{'obs_sensor': 'obs-left'},{},0,-1
50,{'obs_sensor': 'obs-left'},{},0,-1
51,{'obs_sensor': 'obs-left'},{},0,-1
51,{'obs_sensor': 'obs-left'},{},0,-1
51,{'obs_sensor': 'obs-left'},{},2,10
51,{'obs_sensor': 'obs-left'},{},0,-1
51,{'obs_sensor': 'obs-right'},{},0,-1
51,{'obs_sensor': 'obs-left'},{},0,-1
51,{'obs_sensor': 'obs-right'},{},0,-1
51,{'obs_sensor': 'obs-right'},{},1,10
51,{'obs_sensor': 'obs-right'},{},0,-1
51,{'obs_sensor': 'obs-left'},{},0,-1
51,{'obs_sensor': 'obs-left'},{},2,10
51,{'obs_sensor': 'obs-right'},{},0,-1
51,{'obs_sensor': 'obs-right'},{},0,-1
51,{'obs_sensor': 'obs-left'},{},0,-1
51,{'obs_sensor': 'obs-left'},{},2,10
52,{'obs_sensor': 'obs-left'},{},0,-1
52,{'obs_sensor': 'obs-right'},{},0,-1
52,{'obs_sensor': 'obs-left'},{},0,-1
52,{'obs_sensor': 'obs-right'},{},1,10
52,{'obs_sensor': 'obs-right'},{},0,-1
52,{'obs_sensor': 'obs-left'},{},0,-1
52,{'obs_sensor': 'obs-left'},{},2,10
52,{'obs_sensor': 'obs-right'},{},0,-1
52,{'obs_sensor': 'obs-right'},{},0,-1
52,{'obs_sensor': 'obs-left'},{},0,-1
52,{'obs_sensor': 'obs-left'},{},0,-1
52,{'obs_sensor': 'obs-left'},{},2,10
52,{'obs_sensor': 'obs-left'},{},0,-1
52,{'obs_sensor': 'obs-right'},{},0,-1
52,{'obs_sensor': 'obs-right'},{},1,10
53,{'obs_sensor': 'obs-left'},{},0,-1
53,{'obs_sensor': 'obs-left'},{},0,-1
53,{'obs_sensor': 'obs-right'},{},0,-1
53,{'obs_sensor': 'obs-left'},{},0,-1
53,{'obs_sensor': 'obs-left'},{},2,10
53,{'obs_sensor': 'obs-right'},{},0,-1
53,{'obs_sensor': 'obs-left'},{},0,-1
53,{'obs_sensor': 'obs-right'},{},0,-1
53,{'obs_sensor': 'obs-left'},{},0,-1
53,{'obs_sensor': 'obs-left'},{},2,10
53,{'obs_sensor': 'obs-left'},{},0,-1
53,{'obs_sensor': 'obs-left'},{},0,-1
53,{'obs_sensor': 'obs-left'},{},2,10
53,{'obs_sensor': 'obs-right'},{},0,-1
53,{'obs_sensor': 'obs-left'},{},0,-1
54,{'obs_sensor': 'obs-right'},{},0,-1
54,{'obs_sensor': 'obs-left'},{},0,-1
54,{'obs_sensor': 'obs-left'},{},2,10
54,{'obs_sensor': 'obs-right'},{},0,-1
54,{'obs_sensor': 'obs-right'},{},0,-1
54,{'obs_sensor': 'obs-left'},{},0,-1
54,{'obs_sensor': 'obs-left'},{},2,10
54,{'obs_sensor': 'obs-right'},{},0,-1
54,{'obs_sensor': 'obs-left'},{},0,-1
54,{'obs_sensor': 'obs-left'},{},2,10
54,{'obs_sensor': 'obs-right'},{},0,-1
54,{'obs_sensor': 'obs-left'},{},0,-1
54,{'obs_sensor': 'obs-left'},{},2,10
54,{'obs_sensor': 'obs-right'},{},0,-1
54,{'obs_sensor': 'obs-right'},{},0,-1
55,{'obs_sensor': 'obs-right'},{},0,-1
55,{'obs_sensor': 'obs-left'},{},0,-1
55,{'obs_sensor': 'obs-left'},{},2,10
55,{'obs_sensor': 'obs-left'},{},0,-1
55,{'obs_sensor': 'obs-left'},{},0,-1
55,{'obs_sensor': 'obs-left'},{},2,10
55,{'obs_sensor': 'obs-left'},{},0,-1
55,{'obs_sensor': 'obs-right'},{},0,-1
55,{'obs_sensor': 'obs-right'},{},1,10
55,{'obs_sensor': 'obs-right'},{},0,-1
55,{'obs_sensor': 'obs-right'},{},0,-1
55,{'obs_sensor': 'obs-right'},{},1,-100
55,{'obs_sensor': 'obs-left'},{},0,-1
55,{'obs_sensor': 'obs-right'},{},0,-1
55,{'obs_sensor': 'obs-right'},{},1,10
56,{'obs_sensor': 'obs-left'},{},0,-1
56,{'obs_sensor': 'obs-right'},{},0,-1
56,{'obs_sensor': 'obs-left'},{},0,-1
56,{'obs_sensor': 'obs-left'},{},2,10
56,{'obs_sensor': 'obs-left'},{},0,-1
56,{'obs_sensor': 'obs-right'},{},0,-1
56,{'obs_sensor': 'obs-right'},{},1,10
56,{'obs_sensor': 'obs-right'},{},0,-1
56,{'obs_sensor': 'obs-right'},{},0,-1
56,{'obs_sensor': 'obs-left'},{},0,-1
56,{'obs_sensor': 'obs-left'},{},2,10
56,{'obs_sensor': 'obs-right'},{},0,-1
56,{'obs_sensor': 'obs-right'},{},0,-1
56,{'obs_sensor': 'obs-right'},{},1,10
56,{'obs_sensor': 'obs-left'},{},0,-1
57,{'obs_sensor': 'obs-left'},{},0,-1
57,{'obs_sensor': 'obs-right'},{},0,-1
57,{'obs_sensor': 'obs-left'},{},0,-1
57,{'obs_sensor': 'obs-left'},{},2,10
57,{'obs_sensor': 'obs-left'},{},0,-1
57,{'obs_sensor': 'obs-left'},{},0,-1
57,{'obs_sensor': 'obs-left'},{},2,10
57,{'obs_sensor': 'obs-right'},{},0,-1
57,{'obs_sensor': 'obs-left'},{},0,-1
57,{'obs_sensor': 'obs-left'},{},2,10
57,{'obs_sensor': 'obs-left'},{},0,-1
57,{'obs_sensor': 'obs-left'},{},0,-1
57,{'obs_sensor': 'obs-right'},{},0,-1
57,{'obs_sensor': 'obs-left'},{},0,-1
57,{'obs_sensor': 'obs-left'},{},2,-100
58,{'obs_sensor': 'obs-right'},{},0,-1
58,{'obs_sensor': 'obs-right'},{},0,-1
58,{'obs_sensor': 'obs-left'},{},0,-1
58,{'obs_sensor': 'obs-right'},{},0,-1
58,{'obs_sensor': 'obs-right'},{},1,10
58,{'obs_sensor': 'obs-left'},{},0,-1
58,{'obs_sensor': 'obs-right'},{},0,-1
58,{'obs_sensor': 'obs-right'},{},1,10
58,{'obs_sensor': 'obs-left'},{},0,-1
58,{'obs_sensor': 'obs-right'},{},0,-1
58,{'obs_sensor': 'obs-right'},{},0,-1
58,{'obs_sensor': 'obs-right'},{},1,10
58,{'obs_sensor': 'obs-left'},{},0,-1
58,{'obs_sensor': 'obs-right'},{},0,-1
58,{'obs_sensor': 'obs-left'},{},0,-1
59,{'obs_sensor': 'obs-right'},{},0,-1
59,{'obs_sensor': 'obs-left'},{},0,-1
59,{'obs_sensor': 'obs-left'},{},2,10
59,{'obs_sensor': 'obs-left'},{},0,-1
59,{'obs_sensor': 'obs-right'},{},0,-1
59,{'obs_sensor': 'obs-right'},{},1,10
59,{'obs_sensor': 'obs-left'},{},0,-1
59,{'obs_sensor': 'obs-right'},{},0,-1
59,{'obs_sensor': 'obs-left'},{},0,-1
59,{'obs_sensor': 'obs-left'},{},2,10
59,{'obs_sensor': 'obs-right'},{},0,-1
59,{'obs_sensor': 'obs-left'},{},0,-1
59,{'obs_sensor': 'obs-left'},{},2,10
59,{'obs_sensor': 'obs-left'},{},0,-1
59,{'obs_sensor': 'obs-left'},{},0,-1
60,{'obs_sensor': 'obs-right'},{},0,-1
60,{'obs_sensor': 'obs-left'},{},0,-1
60,{'obs_sensor': 'obs-right'},{},0,-1
60,{'obs_sensor': 'obs-left'},{},0,-1
60,{'obs_sensor': 'obs-right'},{},0,-1
60,{'obs_sensor': 'obs-left'},{},0,-1
60,{'obs_sensor': 'obs-left'},{},2,10
60,{'obs_sensor': 'obs-left'},{},0,-1
60,{'obs_sensor': 'obs-left'},{},0,-1
60,{'obs_sensor': 'obs-left'},{},2,10
60,{'obs_sensor': 'obs-left'},{},0,-1
60,{'obs_sensor': 'obs-right'},{},0,-1
60,{'obs_sensor': 'obs-right'},{},1,10
60,{'obs_sensor': 'obs-left'},{},0,-1
60,{'obs_sensor': 'obs-left'},{},0,-1
61,{'obs_sensor': 'obs-left'},{},0,-1
61,{'obs_sensor': 'obs-left'},{},0,-1
61,{'obs_sensor': 'obs-left'},{},2,10
61,{'obs_sensor': 'obs-left'},{},0,-1
61,{'obs_sensor': 'obs-right'},{},0,-1
61,{'obs_sensor': 'obs-left'},{},0,-1
61,{'obs_sensor': 'obs-right'},{},0,-1
61,{'obs_sensor': 'obs-right'},{},1,10
61,{'obs_sensor': 'obs-right'},{},0,-1
61,{'obs_sensor': 'obs-left'},{},0,-1
61,{'obs_sensor': 'obs-left'},{},2,10
61,{'obs_sensor': 'obs-right'},{},0,-1
61,{'obs_sensor': 'obs-right'},{},0,-1
61,{'obs_sensor': 'obs-left'},{},0,-1
61,{'obs_sensor': 'obs-left'},{},2,10
62,{'obs_sensor': 'obs-left'},{},0,-1
62,{'obs_sensor': 'obs-right'},{},0,-1
62,{'obs_sensor': 'obs-left'},{},0,-1
62,{'obs_sensor': 'obs-right'},{},1,10
62,{'obs_sensor': 'obs-right'},{},0,-1
62,{'obs_sensor': 'obs-left'},{},0,-1
62,{'obs_sensor': 'obs-left'},{},2,10
62,{'obs_sensor': 'obs-right'},{},0,-1
62,{'obs_sensor': 'obs-right'},{},0,-1
62,{'obs_sensor': 'obs-left'},{},0,-1
62,{'obs_sensor': 'obs-left'},{},0,-1
62,{'obs_sensor': 'obs-left'},{},2,10
62,{'obs_sensor': 'obs-left'},{},0,-1
62,{'obs_sensor': 'obs-right'},{},0,-1
62,{'obs_sensor': 'obs-right'},{},1,10
63,{'obs_sensor': 'obs-left'},{},0,-1
63,{'obs_sensor': 'obs-left'},{},0,-1
63,{'obs_sensor': 'obs-right'},{},0,-1
63,{'obs_sensor': 'obs-left'},{},0,-1
63,{'obs_sensor': 'obs-left'},{},2,10
63,{'obs_sensor': 'obs-right'},{},0,-1
63,{'obs_sensor': 'obs-left'},{},0,-1
63,{'obs_sensor': 'obs-right'},{},0,-1
63,{'obs_sensor': 'obs-left'},{},0,-1
63,{'obs_sensor': 'obs-left'},{},2,10
63,{'obs_sensor': 'obs-left'},{},0,-1
63,{'obs_sensor': 'obs-left'},{},0,-1
63,{'obs_sensor': 'obs-left'},{},2,10
63,{'obs_sensor': 'obs-right'},{},0,-1
63,{'obs_sensor': 'obs-left'},{},0,-1
64,{'obs_sensor': 'obs-right'},{},0,-1
64,{'obs_sensor': 'obs-left'},{},0,-1
64,{'obs_sensor': 'obs-left'},{},2,10
64,{'obs_sensor': 'obs-right'},{},0,-1
64,{'obs_sensor': 'obs-right'},{},0,-1
64,{'obs_sensor': 'obs-left'},{},0,-1
64,{'obs_sensor': 'obs-left'},{},2,10
64,{'obs_sensor': 'obs-right'},{},0,-1
64,{'obs_sensor': 'obs-left'},{},0,-1
64,{'obs_sensor': 'obs-left'},{},2,10
64,{'obs_sensor': 'obs-right'},{},0,-1
64,{'obs_sensor': 'obs-left'},{},0,-1
64,{'obs_sensor': 'obs-left'},{},2,10
64,{'obs_sensor': 'obs-right'},{},0,-1
64,{'obs_sensor': 'obs-right'},{},0,-1
65,{'obs_sensor': 'obs-right'},{},0,-1
65,{'obs_sensor': 'obs-left'},{},0,-1
65,{'obs_sensor': 'obs-left'},{},2,10
65,{'obs_sensor': 'obs-left'},{},0,-1
65,{'obs_sensor': 'obs-left'},{},0,-1
65,{'obs_sensor': 'obs-left'},{},2,10
65,{'obs_sensor': 'obs-left'},{},0,-1
65,{'obs_sensor': 'obs-right'},{},0,-1
65,{'obs_sensor': 'obs-right'},{},1,10
65,{'obs_sensor': 'obs-right'},{},0,-1
65,{'obs_sensor': 'obs-right'},{},0,-1
65,{'obs_sensor': 'obs-right'},{},1,-100
65,{'obs_sensor': 'obs-left'},{},0,-1
65,{'obs_sensor': 'obs-right'},{},0,-1
65,{'obs_sensor': 'obs-right'},{},1,10
66,{'obs_sensor': 'obs-left'},{},0,-1
66,{'obs_sensor': 'obs-right'},{},0,-1
66,{'obs_sensor': 'obs-left'},{},0,-1
66,{'obs_sensor': 'obs-left'},{},2,10
66,{'obs_sensor': 'obs-left'},{},0,-1
66,{'obs_sensor': 'obs-right'},{},0,-1
66,{'obs_sensor': 'obs-right'},{},1,10
66,{'obs_sensor': 'obs-right'},{},0,-1
66,{'obs_sensor': 'obs-right'},{},0,-1
66,{'obs_sensor': 'obs-left'},{},0,-1
66,{'obs_sensor': 'obs-left'},{},2,10
66,{'obs_sensor': 'obs-right'},{},0,-1
66,{'obs_sensor': 'obs-right'},{},0,-1
66,{'obs_sensor': 'obs-right'},{},1,10
66,{'obs_sensor': 'obs-left'},{},0,-1
67,{'obs_sensor': 'obs-left'},{},0,-1
67,{'obs_sensor': 'obs-right'},{},0,-1
67,{'obs_sensor': 'obs-left'},{},0,-1
67,{'obs_sensor': 'obs-left'},{},2,10
67,{'obs_sensor': 'obs-left'},{},0,-1
67,{'obs_sensor': 'obs-left'},{},0,-1
67,{'obs_sensor': 'obs-left'},{},2,10
67,{'obs_sensor': 'obs-right'},{},0,-1
67,{'obs_sensor': 'obs-left'},{},0,-1
67,{'obs_sensor': 'obs-left'},{},2,10
67,{'obs_sensor': 'obs-left'},{},0,-1
67,{'obs_sensor': 'obs-left'},{},0,-1
67,{'obs_sensor': 'obs-right'},{},0,-1
67,{'obs_sensor': 'obs-left'},{},0,-1
67,{'obs_sensor': 'obs-left'},{},2,-100
68,{'obs_sensor': 'obs-right'},{},0,-1
68,{'obs_sensor': 'obs-right'},{},0,-1
68,{'obs_sensor': 'obs-left'},{},0,-1
68,{'obs_sensor': 'obs-right'},{},0,-1
68,{'obs_sensor': 'obs-right'},{},1,10
68,{'obs_sensor': 'obs-left'},{},0,-1
68,{'obs_sensor': 'obs-right'},{},0,-1
68,{'obs_sensor': 'obs-right'},{},1,10
68,{'obs_sensor': 'obs-left'},{},0,-1
68,{'obs_sensor': 'obs-right'},{},0,-1
68,{'obs_sensor': 'obs-right'},{},0,-1
68,{'obs_sensor': 'obs-right'},{},1,10
68,{'obs_sensor': 'obs-left'},{},0,-1
68,{'obs_sensor': 'obs-right'},{},0,-1
68,{'obs_sensor': 'obs-left'},{},0,-1
69,{'obs_sensor': 'obs-right'},{},0,-1
69,{'obs_sensor': 'obs-left'},{},0,-1
69,{'obs_sensor': 'obs-left'},{},2,10
69,{'obs_sensor': 'obs-left'},{},0,-1
69,{'obs_sensor': 'obs-right'},{},0,-1
69,{'obs_sensor': 'obs-right'},{},1,10
69,{'obs_sensor': 'obs-left'},{},0,-1
69,{'obs_sensor': 'obs-right'},{},0,-1
69,{'obs_sensor': 'obs-left'},{},0,-1
69,{'obs_sensor': 'obs-left'},{},2,10
69,{'obs_sensor': 'obs-right'},{},0,-1
69,{'obs_sensor': 'obs-left'},{},0,-1
69,{'obs_sensor': 'obs-left'},{},2,10
69,{'obs_sensor': 'obs-left'},{},0,-1
69,{'obs_sensor': 'obs-left'},{},0,-1
70,{'obs_sensor': 'obs-right'},{},0,-1
70,{'obs_sensor': 'obs-left'},{},0,-1
70,{'obs_sensor': 'obs-right'},{},0,-1
70,{'obs_sensor': 'obs-left'},{},0,-1
70,{'obs_sensor': 'obs-right'},{},0,-1
70,{'obs_sensor': 'obs-left'},{},0,-1
70,{'obs_sensor': 'obs-left'},{},2,10
70,{'obs_sensor': 'obs-left'},{},0,-1
70,{'obs_sensor': 'obs-left'},{},0,-1
70,{'obs_sensor': 'obs-left'},{},2,10
70,{'obs_sensor': 'obs-left'},{},0,-1
70,{'obs_sensor': 'obs-right'},{},0,-1
70,{'obs_sensor': 'obs-right'},{},1,10
70,{'obs_sensor': 'obs-left'},{},0,-1
70,{'obs_sensor': 'obs-left'},{},0,-1
71,{'obs_sensor': 'obs-left'},{},0,-1
71,{'obs_sensor': 'obs-left'},{},0,-1
71,{'obs_sensor': 'obs-left'},{},2,10
71,{'obs_sensor': 'obs-left'},{},0,-1
71,{'obs_sensor': 'obs-right'},{},0,-1
71,{'obs_sensor': 'obs-left'},{},0,-1
71,{'obs_sensor': 'obs-right'},{},0,-1
71,{'obs_sensor': 'obs-right'},{},1,10
71,{'obs_sensor': 'obs-right'},{},0,-1
71,{'obs_sensor': 'obs-left'},{},0,-1
71,{'obs_sensor': 'obs-left'},{},2,10
71,{'obs_sensor': 'obs-right'},{},0,-1
71,{'obs_sensor': 'obs-right'},{},0,-1
71,{'obs_sensor': 'obs-left'},{},0,-1
71,{'obs_sensor': 'obs-left'},{},2,10
72,{'obs_sensor': 'obs-left'},{},0,-1
72,{'obs_sensor': 'obs-right'},{},0,-1
72,{'obs_sensor': 'obs-left'},{},0,-1
72,{'obs_sensor': 'obs-right'},{},1,10
72,{'obs_sensor': 'obs-right'},{},0,-1
72,{'obs_sensor': 'obs-left'},{},0,-1
72,{'obs_sensor': 'obs-left'},{},2,10
72,{'obs_sensor': 'obs-right'},{},0,-1
72,{'obs_sensor': 'obs-right'},{},0,-1
72,{'obs_sensor': 'obs-left'},{},0,-1
72,{'obs_sensor': 'obs-left'},{},0,-1
72,{'obs_sensor': 'obs-left'},{},2,10
72,{'obs_sensor': 'obs-left'},{},0,-1
72,{'obs_sensor': 'obs-right'},{},0,-1
72,{'obs_sensor': 'obs-right'},{},1,10
73,{'obs_sensor': 'obs-left'},{},0,-1
73,{'obs_sensor': 'obs-left'},{},0,-1
73,{'obs_sensor': 'obs-right'},{},0,-1
73,{'obs_sensor': 'obs-left'},{},0,-1
73,{'obs_sensor': 'obs-left'},{},2,10
73,{'obs_sensor': 'obs-right'},{},0,-1
73,{'obs_sensor': 'obs-left'},{},0,-1
73,{'obs_sensor': 'obs-right'},{},0,-1
73,{'obs_sensor': 'obs-left'},{},0,-1
73,{'obs_sensor': 'obs-left'},{},2,10
73,{'obs_sensor': 'obs-left'},{},0,-1
73,{'obs_sensor': 'obs-left'},{},0,-1
73,{'obs_sensor': 'obs-left'},{},2,10
73,{'obs_sensor': 'obs-right'},{},0,-1
73,{'obs_sensor': 'obs-left'},{},0,-1
74,{'obs_sensor': 'obs-right'},{},0,-1
74,{'obs_sensor': 'obs-left'},{},0,-1
74,{'obs_sensor': 'obs-left'},{},2,10
74,{'obs_sensor': 'obs-right'},{},0,-1
74,{'obs_sensor': 'obs-right'},{},0,-1
74,{'obs_sensor': 'obs-left'},{},0,-1
74,{'obs_sensor': 'obs-left'},{},2,10
74,{'obs_sensor': 'obs-right'},{},0,-1
74,{'obs_sensor': 'obs-left'},{},0,-1
74,{'obs_sensor': 'obs-left'},{},2,10
74,{'obs_sensor': 'obs-right'},{},0,-1
74,{'obs_sensor': 'obs-left'},{},0,-1
74,{'obs_sensor': 'obs-left'},{},2,10
74,{'obs_sensor': 'obs-right'},{},0,-1
74,{'obs_sensor': 'obs-right'},{},0,-1
75,{'obs_sensor': 'obs-right'},{},0,-1
75,{'obs_sensor': 'obs-left'},{},0,-1
75,{'obs_sensor': 'obs-left'},{},2,10
75,{'obs_sensor': 'obs-left'},{},0,-1
75,{'obs_sensor': 'obs-left'},{},0,-1
75,{'obs_sensor': 'obs-left'},{},2,10
75,{'obs_sensor': 'obs-left'},{},0,-1
75,{'obs_sensor': 'obs-right'},{},0,-1
75,{'obs_sensor': 'obs-right'},{},1,10
75,{'obs_sensor': 'obs-right'},{},0,-1
75,{'obs_sensor': 'obs-right'},{},0,-1
75,{'obs_sensor': 'obs-right'},{},1,-100
75,{'obs_sensor': 'obs-left'},{},0,-1
75,{'obs_sensor': 'obs-right'},{},0,-1
75,{'obs_sensor': 'obs-right'},{},1,10
76,{'obs_sensor': 'obs-left'},{},0,-1
76,{'obs_sensor': 'obs-right'},{},0,-1
76,{'obs_sensor': 'obs-left'},{},0,-1
76,{'obs_sensor': 'obs-left'},{},2,10
76,{'obs_sensor': 'obs-left'},{},0,-1
76,{'obs_sensor': 'obs-right'},{},0,-1
76,{'obs_sensor': 'obs-right'},{},1,10
76,{'obs_sensor': 'obs-right'},{},0,-1
76,{'obs_sensor': 'obs-right'},{},0,-1
76,{'obs_sensor': 'obs-left'},{},0,-1
76,{'obs_sensor': 'obs-left'},{},2,10
76,{'obs_sensor': 'obs-right'},{},0,-1
76,{'obs_sensor': 'obs-right'},{},0,-1
76,{'obs_sensor': 'obs-right'},{},1,10
76,{'obs_sensor': 'obs-left'},{},0,-1
77,{'obs_sensor': 'obs-left'},{},0,-1
77,{'obs_sensor': 'obs-right'},{},0,-1
77,{'obs_sensor': 'obs-left'},{},0,-1
77,{'obs_sensor': 'obs-left'},{},2,10
77,{'obs_sensor': 'obs-left'},{},0,-1
77,{'obs_sensor': 'obs-left'},{},0,-1
77,{'obs_sensor': 'obs-left'},{},2,10
77,{'obs_sensor': 'obs-right'},{},0,-1
77,{'obs_sensor': 'obs-left'},{},0,-1
77,{'obs_sensor': 'obs-left'},{},2,10
77,{'obs_sensor': 'obs-left'},{},0,-1
77,{'obs_sensor': 'obs-left'},{},0,-1
77,{'obs_sensor': 'obs-right'},{},0,-1
77,{'obs_sensor': 'obs-left'},{},0,-1
77,{'obs_sensor': 'obs-left'},{},2,-100
78,{'obs_sensor': 'obs-right'},{},0,-1
78,{'obs_sensor': 'obs-right'},{},0,-1
78,{'obs_sensor': 'obs-left'},{},0,-1
78,{'obs_sensor': 'obs-right'},{},0,-1
78,{'obs_sensor': 'obs-right'},{},1,10
78,{'obs_sensor': 'obs-left'},{},0,-1
78,{'obs_sensor': 'obs-right'},{},0,-1
78,{'obs_sensor': 'obs-right'},{},1,10
78,{'obs_sensor': 'obs-left'},{},0,-1
78,{'obs_sensor': 'obs-right'},{},0,-1
78,{'obs_sensor': 'obs-right'},{},0,-1
78,{'obs_sensor': 'obs-right'},{},1,10
78,{'obs_sensor': 'obs-left'},{},0,-1
78,{'obs_sensor': 'obs-right'},{},0,-1
78,{'obs_sensor': 'obs-left'},{},0,-1
79,{'obs_sensor': 'obs-right'},{},0,-1
79,{'obs_sensor': 'obs-left'},{},0,-1
79,{'obs_sensor': 'obs-left'},{},2,10
79,{'obs_sensor': 'obs-left'},{},0,-1
79,{'obs_sensor': 'obs-right'},{},0,-1
79,{'obs_sensor': 'obs-right'},{},1,10
79,{'obs_sensor': 'obs-left'},{},0,-1
79,{'obs_sensor': 'obs-right'},{},0,-1
79,{'obs_sensor': 'obs-left'},{},0,-1
79,{'obs_sensor': 'obs-left'},{},2,10
79,{'obs_sensor': 'obs-right'},{},0,-1
79,{'obs_sensor': 'obs-left'},{},0,-1
79,{'obs_sensor': 'obs-left'},{},2,10
79,{'obs_sensor': 'obs-left'},{},0,-1
79,{'obs_sensor': 'obs-left'},{},0,-1
80,{'obs_sensor': 'obs-right'},{},0,-1
80,{'obs_sensor': 'obs-left'},{},0,-1
80,{'obs_sensor': 'obs-right'},{},0,-1
80,{'obs_sensor': 'obs-left'},{},0,-1
80,{'obs_sensor': 'obs-right'},{},0,-1
80,{'obs_sensor': 'obs-left'},{},0,-1
80,{'obs_sensor': 'obs-left'},{},2,10
80,{'obs_sensor': 'obs-left'},{},0,-1
80,{'obs_sensor': 'obs-left'},{},0,-1
80,{'obs_sensor': 'obs-left'},{},2,10
80,{'obs_sensor': 'obs-left'},{},0,-1
80,{'obs_sensor': 'obs-right'},{},0,-1
80,{'obs_sensor': 'obs-right'},{},1,10
80,{'obs_sensor': 'obs-left'},{},0,-1
80,{'obs_sensor': 'obs-left'},{},0,-1
81,{'obs_sensor': 'obs-left'},{},0,-1
81,{'obs_sensor': 'obs-left'},{},0,-1
81,{'obs_sensor': 'obs-left'},{},2,10
81,{'obs_sensor': 'obs-left'},{},0,-1
81,{'obs_sensor': 'obs-right'},{},0,-1
81,{'obs_sensor': 'obs-left'},{},0,-1
81,{'obs_sensor': 'obs-right'},{},0,-1
81,{'obs_sensor': 'obs-right'},{},1,10
81,{'obs_sensor': 'obs-right'},{},0,-1
81,{'obs_sensor': 'obs-left'},{},0,-1
81,{'obs_sensor': 'obs-left'},{},2,10
81,{'obs_sensor': 'obs-right'},{},0,-1
81,{'obs_sensor': 'obs-right'},{},0,-1
81,{'obs_sensor': 'obs-left'},{},0,-1
81,{'obs_sensor': 'obs-left'},{},2,10
82,{'obs_sensor': 'obs-left'},{},0,-1
82,{'obs_sensor': 'obs-right'},{},0,-1
82,{'obs_sensor': 'obs-left'},{},0,-1
82,{'obs_sensor': 'obs-right'},{},1,10
82,{'obs_sensor': 'obs-right'},{},0,-1
82,{'obs_sensor': 'obs-left'},{},0,-1
82,{'obs_sensor': 'obs-left'},{},2,10
82,{'obs_sensor': 'obs-right'},{},0,-1
82,{'obs_sensor': 'obs-right'},{},0,-1
82,{'obs_sensor': 'obs-left'},{},0,-1
82,{'obs_sensor': 'obs-left'},{},0,-1
82,{'obs_sensor': 'obs-left'},{},2,10
82,{'obs_sensor': 'obs-left'},{},0,-1
82,{'obs_sensor': 'obs-right'},{},0,-1
82,{'obs_sensor': 'obs-right'},{},1,10
83,{'obs_sensor': 'obs-left'},{},0,-1
83,{'obs_sensor': 'obs-left'},{},0,-1
83,{'obs_sensor': 'obs-right'},{},0,-1
83,{'obs_sensor': 'obs-left'},{},0,-1
83,{'obs_sensor': 'obs-left'},{},2,10
83,{'obs_sensor': 'obs-right'},{},0,-1
83,{'obs_sensor': 'obs-left'},{},0,-1
83,{'obs_sensor': 'obs-right'},{},0,-1
83,{'obs_sensor': 'obs-left'},{},0,-1
83,{'obs_sensor': 'obs-left'},{},2,10
83,{'obs_sensor': 'obs-left'},{},0,-1
83,{'obs_sensor': 'obs-left'},{},0,-1
83,{'obs_sensor': 'obs-left'},{},2,10
83,{'obs_sensor': 'obs-right'},{},0,-1
83,{'obs_sensor': 'obs-left'},{},0,-1
84,{'obs_sensor': 'obs-right'},{},0,-1
84,{'obs_sensor': 'obs-left'},{},0,-1
84,{'obs_sensor': 'obs-left'},{},2,10
84,{'obs_sensor': 'obs-right'},{},0,-1
84,{'obs_sensor': 'obs-right'},{},0,-1
84,{'obs_sensor': 'obs-left'},{},0,-1
84,{'obs_sensor': 'obs-left'},{},2,10
84,{'obs_sensor': 'obs-right'},{},0,-1
84,{'obs_sensor': 'obs-left'},{},0,-1
84,{'obs_sensor': 'obs-left'},{},2,10
84,{'obs_sensor': 'obs-right'},{},0,-1
84,{'obs_sensor': 'obs-left'},{},0,-1
84,{'obs_sensor': 'obs-left'},{},2,10
84,{'obs_sensor': 'obs-right'},{},0,-1
84,{'obs_sensor': 'obs-right'},{},0,-1
85,{'obs_sensor': 'obs-right'},{},0,-1
85,{'obs_sensor': 'obs-left'},{},0,-1
85,{'obs_sensor': 'obs-left'},{},2,10
85,{'obs_sensor': 'obs-left'},{},0,-1
85,{'obs_sensor': 'obs-left'},{},0,-1
85,{'obs_sensor': 'obs-left'},{},2,10
85,{'obs_sensor': 'obs-left'},{},0,-1
85,{'obs_sensor': 'obs-right'},{},0,-1
85,{'obs_sensor': 'obs-right'},{},1,10
85,{'obs_sensor': 'obs-right'},{},0,-1
85,{'obs_sensor': 'obs-right'},{},0,-1
85,{'obs_sensor': 'obs-right'},{},1,-100
85,{'obs_sensor': 'obs-left'},{},0,-1
85,{'obs_sensor': 'obs-right'},{},0,-1
85,{'obs_sensor': 'obs-right'},{},1,10
86,{'obs_sensor': 'obs-left'},{},0,-1
86,{'obs_sensor': 'obs-right'},{},0,-1
86,{'obs_sensor': 'obs-left'},{},0,-1
86,{'obs_sensor': 'obs-left'},{},2,10
86,{'obs_sensor': 'obs-left'},{},0,-1
86,{'obs_sensor': 'obs-right'},{},0,-1
86,{'obs_sensor': 'obs-right'},{},1,10
86,{'obs_sensor': 'obs-right'},{},0,-1
86,{'obs_sensor': 'obs-right'},{},0,-1
86,{'obs_sensor': 'obs-left'},{},0,-1
86,{'obs_sensor': 'obs-left'},{},2,10
86,{'obs_sensor': 'obs-right'},{},0,-1
86,{'obs_sensor': 'obs-right'},{},0,-1
86,{'obs_sensor': 'obs-right'},{},1,10
86,{'obs_sensor': 'obs-left'},{},0,-1
87,{'obs_sensor': 'obs-left'},{},0,-1
87,{'obs_sensor': 'obs-right'},{},0,-1
87,{'obs_sensor': 'obs-left'},{},0,-1
87,{'obs_sensor': 'obs-left'},{},2,10
87,{'obs_sensor': 'obs-left'},{},0,-1
87,{'obs_sensor': 'obs-left'},{},0,-1
87,{'obs_sensor': 'obs-left'},{},2,10
87,{'obs_sensor': 'obs-right'},{},0,-1
87,{'obs_sensor': 'obs-left'},{},0,-1
87,{'obs_sensor': 'obs-left'},{},2,10
87,{'obs_sensor': 'obs-left'},{},0,-1
87,{'obs_sensor': 'obs-left'},{},0,-1
87,{'obs_sensor': 'obs-right'},{},0,-1
87,{'obs_sensor': 'obs-left'},{},0,-1
87,{'obs_sensor': 'obs-left'},{},2,-100
88,{'obs_sensor': 'obs-right'},{},0,-1
88,{'obs_sensor': 'obs-right'},{},0,-1
88,{'obs_sensor': 'obs-left'},{},0,-1
88,{'obs_sensor': 'obs-right'},{},0,-1
88,{'obs_sensor': 'obs-right'},{},1,10
88,{'obs_sensor': 'obs-left'},{},0,-1
88,{'obs_sensor': 'obs-right'},{},0,-1
88,{'obs_sensor': 'obs-right'},{},1,10
88,{'obs_sensor': 'obs-left'},{},0,-1
88,{'obs_sensor': 'obs-right'},{},0,-1
88,{'obs_sensor': 'obs-right'},{},0,-1
88,{'obs_sensor': 'obs-right'},{},1,10
88,{'obs_sensor': 'obs-left'},{},0,-1
88,{'obs_sensor': 'obs-right'},{},0,-1
88,{'obs_sensor': 'obs-left'},{},0,-1
89,{'obs_sensor': 'obs-right'},{},0,-1
89,{'obs_sensor': 'obs-left'},{},0,-1
89,{'obs_sensor': 'obs-left'},{},2,10
89,{'obs_sensor': 'obs-left'},{},0,-1
89,{'obs_sensor': 'obs-right'},{},0,-1
89,{'obs_sensor': 'obs-right'},{},1,10
89,{'obs_sensor': 'obs-left'},{},0,-1
89,{'obs_sensor': 'obs-right'},{},0,-1
89,{'obs_sensor': 'obs-left'},{},0,-1
89,{'obs_sensor': 'obs-left'},{},2,10
89,{'obs_sensor': 'obs-right'},{},0,-1
89,{'obs_sensor': 'obs-left'},{},0,-1
89,{'obs_sensor': 'obs-left'},{},2,10
89,{'obs_sensor': 'obs-left'},{},0,-1
89,{'obs_sensor': 'obs-left'},{},0,-1
90,{'obs_sensor': 'obs-right'},{},0,-1
90,{'obs_sensor': 'obs-left'},{},0,-1
90,{'obs_sensor': 'obs-right'},{},0,-1
90,{'obs_sensor': 'obs-left'},{},0,-1
90,{'obs_sensor': 'obs-right'},{},0,-1
90,{'obs_sensor': 'obs-left'},{},0,-1
90,{'obs_sensor': 'obs-left'},{},2,10
90,{'obs_sensor': 'obs-left'},{},0,-1
90,{'obs_sensor': 'obs-left'},{},0,-1
90,{'obs_sensor': 'obs-left'},{},2,10
90,{'obs_sensor': 'obs-left'},{},0,-1
90,{'obs_sensor': 'obs-right'},{},0,-1
90,{'obs_sensor': 'obs-right'},{},1,10
90,{'obs_sensor': 'obs-left'},{},0,-1
90,{'obs_sensor': 'obs-left'},{},0,-1
91,{'obs_sensor': 'obs-left'},{},0,-1
91,{'obs_sensor': 'obs-left'},{},0,-1
91,{'obs_sensor': 'obs-left'},{},2,10
91,{'obs_sensor': 'obs-left'},{},0,-1
91,{'obs_sensor': 'obs-right'},{},0,-1
91,{'obs_sensor': 'obs-left'},{},0,-1
91,{'obs_sensor': 'obs-right'},{},0,-1
91,{'obs_sensor': 'obs-right'},{},1,10
91,{'obs_sensor': 'obs-right'},{},0,-1
91,{'obs_sensor': 'obs-left'},{},0,-1
91,{'obs_sensor': 'obs-left'},{},2,10
91,{'obs_sensor': 'obs-right'},{},0,-1
91,{'obs_sensor': 'obs-right'},{},0,-1
91,{'obs_sensor': 'obs-left'},{},0,-1
91,{'obs_sensor': 'obs-left'},{},2,10
92,{'obs_sensor': 'obs-left'},{},0,-1
92,{'obs_sensor': 'obs-right'},{},0,-1
92,{'obs_sensor': 'obs-left'},{},0,-1
92,{'obs_sensor': 'obs-right'},{},1,10
92,{'obs_sensor': 'obs-right'},{},0,-1
92,{'obs_sensor': 'obs-left'},{},0,-1
92,{'obs_sensor': 'obs-left'},{},2,10
92,{'obs_sensor': 'obs-right'},{},0,-1
92,{'obs_sensor': 'obs-right'},{},0,-1
92,{'obs_sensor': 'obs-left'},{},0,-1
92,{'obs_sensor': 'obs-left'},{},0,-1
92,{'obs_sensor': 'obs-left'},{},2,10
92,{'obs_sensor': 'obs-left'},{},0,-1
92,{'obs_sensor': 'obs-right'},{},0,-1
92,{'obs_sensor': 'obs-right'},{},1,10
93,{'obs_sensor': 'obs-left'},{},0,-1
93,{'obs_sensor': 'obs-left'},{},0,-1
93,{'obs_sensor': 'obs-right'},{},0,-1
93,{'obs_sensor': 'obs-left'},{},0,-1
93,{'obs_sensor': 'obs-left'},{},2,10
93,{'obs_sensor': 'obs-right'},{},0,-1
93,{'obs_sensor': 'obs-left'},{},0,-1
93,{'obs_sensor': 'obs-right'},{},0,-1
93,{'obs_sensor': 'obs-left'},{},0,-1
93,{'obs_sensor': 'obs-left'},{},2,10
93,{'obs_sensor': 'obs-left'},{},0,-1
93,{'obs_sensor': 'obs-left'},{},0,-1
93,{'obs_sensor': 'obs-left'},{},2,10
93,{'obs_sensor': 'obs-right'},{},0,-1
93,{'obs_sensor': 'obs-left'},{},0,-1
94,{'obs_sensor': 'obs-right'},{},0,-1
94,{'obs_sensor': 'obs-left'},{},0,-1
94,{'obs_sensor': 'obs-left'},{},2,10
94,{'obs_sensor': 'obs-right'},{},0,-1
94,{'obs_sensor': 'obs-right'},{},0,-1
94,{'obs_sensor': 'obs-left'},{},0,-1
94,{'obs_sensor': 'obs-left'},{},2,10
94,{'obs_sensor': 'obs-right'},{},0,-1
94,{'obs_sensor': 'obs-left'},{},0,-1
94,{'obs_sensor': 'obs-left'},{},2,10
94,{'obs_sensor': 'obs-right'},{},0,-1
94,{'obs_sensor': 'obs-left'},{},0,-1
94,{'obs_sensor': 'obs-left'},{},2,10
94,{'obs_sensor': 'obs-right'},{},0,-1
94,{'obs_sensor': 'obs-right'},{},0,-1
95,{'obs_sensor': 'obs-right'},{},0,-1
95,{'obs_sensor': 'obs-left'},{},0,-1
95,{'obs_sensor': 'obs-left'},{},2,10
95,{'obs_sensor': 'obs-left'},{},0,-1
95,{'obs_sensor': 'obs-left'},{},0,-1
95,{'obs_sensor': 'obs-left'},{},2,10
95,{'obs_sensor': 'obs-left'},{},0,-1
95,{'obs_sensor': 'obs-right'},{},0,-1
95,{'obs_sensor': 'obs-right'},{},1,10
95,{'obs_sensor': 'obs-right'},{},0,-1
95,{'obs_sensor': 'obs-right'},{},0,-1
95,{'obs_sensor': 'obs-right'},{},1,-100
95,{'obs_sensor': 'obs-left'},{},0,-1
95,{'obs_sensor': 'obs-right'},{},0,-1
95,{'obs_sensor': 'obs-right'},{},1,10
96,{'obs_sensor': 'obs-left'},{},0,-1
96,{'obs_sensor': 'obs-right'},{},0,-1
96,{'obs_sensor': 'obs-left'},{},0,-1
96,{'obs_sensor': 'obs-left'},{},2,10
96,{'obs_sensor': 'obs-left'},{},0,-1
96,{'obs_sensor': 'obs-right'},{},0,-1
96,{'obs_sensor': 'obs-right'},{},1,10
96,{'obs_sensor': 'obs-right'},{},0,-1
96,{'obs_sensor': 'obs-right'},{},0,-1
96,{'obs_sensor': 'obs-left'},{},0,-1
96,{'obs_sensor': 'obs-left'},{},2,10
96,{'obs_sensor': 'obs-right'},{},0,-1
96,{'obs_sensor': 'obs-right'},{},0,-1
96,{'obs_sensor': 'obs-right'},{},1,10
96,{'obs_sensor': 'obs-left'},{},0,-1
97,{'obs_sensor': 'obs-left'},{},0,-1
97,{'obs_sensor': 'obs-right'},{},0,-1
97,{'obs_sensor': 'obs-left'},{},0,-1
97,{'obs_sensor': 'obs-left'},{},2,10
97,{'obs_sensor': 'obs-left'},{},0,-1
97,{'obs_sensor': 'obs-left'},{},0,-1
97,{'obs_sensor': 'obs-left'},{},2,10
97,{'obs_sensor': 'obs-right'},{},0,-1
97,{'obs_sensor': 'obs-left'},{},0,-1
97,{'obs_sensor': 'obs-left'},{},2,10
97,{'obs_sensor': 'obs-left'},{},0,-1
97,{'obs_sensor': 'obs-left'},{},0,-1
97,{'obs_sensor': 'obs-right'},{},0,-1
97,{'obs_sensor': 'obs-left'},{},0,-1
97,{'obs_sensor': 'obs-left'},{},2,-100
98,{'obs_sensor': 'obs-right'},{},0,-1
98,{'obs_sensor': 'obs-right'},{},0,-1
98,{'obs_sensor': 'obs-left'},{},0,-1
98,{'obs_sensor': 'obs-right'},{},0,-1
98,{'obs_sensor': 'obs-right'},{},1,10
98,{'obs_sensor': 'obs-left'},{},0,-1
98,{'obs_sensor': 'obs-right'},{},0,-1
98,{'obs_sensor': 'obs-right'},{},1,10
98,{'obs_sensor': 'obs-left'},{},0,-1
98,{'obs_sensor': 'obs-right'},{},0,-1
98,{'obs_sensor': 'obs-right'},{},0,-1
98,{'obs_sensor': 'obs-right'},{},1,10
98,{'obs_sensor': 'obs-left'},{},0,-1
98,{'obs_sensor': 'obs-right'},{},0,-1
98,{'obs_sensor': 'obs-left'},{},0,-1
99,{'obs_sensor': 'obs-right'},{},0,-1
99,{'obs_sensor': 'obs-left'},{},0,-1
99,{'obs_sensor': 'obs-left'},{},2,10
99,{'obs_sensor': 'obs-left'},{},0,-1
99,{'obs_sensor': 'obs-right'},{},0,-1
99,{'obs_sensor': 'obs-right'},{},1,10
99,{'obs_sensor': 'obs-left'},{},0,-1
99,{'obs_sensor': 'obs-right'},{},0,-1
99,{'obs_sensor': 'obs-left'},{},0,-1
99,{'obs_sensor': 'obs-left'},{},2,10
99,{'obs_sensor': 'obs-right'},{},0,-1
99,{'obs_sensor': 'obs-left'},{},0,-1
99,{'obs_sensor': 'obs-left'},{},2,10
99,{'obs_sensor': 'obs-left'},{},0,-1
99,{'obs_sensor': 'obs-left'},{},0,-1
